{
   "0": {
      "xmin": 211.20933532714844,
      "xmax": 350.0258331298828,
      "ymin": 406.56676864624023,
      "ymax": 519.173282623291,
      "class": "class1",
      "conf": 99.98
   },
   "1": {
      "xmin": 759.0481262207031,
      "xmax": 895.522834777832,
      "ymin": 408.39444732666016,
      "ymax": 510.93062591552734,
      "class": "class1",
      "conf": 99.92
   },
   "2": {
      "xmin": 1237.739242553711,
      "xmax": 1355.9385528564453,
      "ymin": 239.3309783935547,
      "ymax": 379.3173370361328,
      "class": "class1",
      "conf": 99.94
   },
   "3": {
      "xmin": 1369.7985877990723,
      "xmax": 1469.9340476989746,
      "ymin": 235.85161590576172,
      "ymax": 374.0386428833008,
      "class": "class1",
      "conf": 99.74
   },
   "4": {
      "xmin": 1624.3723220825195,
      "xmax": 1723.3661499023438,
      "ymin": 228.59071350097656,
      "ymax": 362.32810974121094,
      "class": "class1",
      "conf": 99.85
   },
   "5": {
      "xmin": 1490.3535995483398,
      "xmax": 1604.840675354004,
      "ymin": 233.54419708251953,
      "ymax": 376.16611099243164,
      "class": "class1",
      "conf": 99.81
   },
   "6": {
      "xmin": 1875.6076431274414,
      "xmax": 1973.5233993530273,
      "ymin": 243.28628540039062,
      "ymax": 359.70858001708984,
      "class": "class1",
      "conf": 99.7
   },
   "7": {
      "xmin": 1752.527172088623,
      "xmax": 1845.9097023010254,
      "ymin": 239.813720703125,
      "ymax": 362.4514465332031,
      "class": "class1",
      "conf": 99.75
   },
   "8": {
      "xmin": 213.57386016845703,
      "xmax": 359.1700134277344,
      "ymin": 666.7149925231934,
      "ymax": 770.0236511230469,
      "class": "class1",
      "conf": 99.97
   },
   "9": {
      "xmin": 212.83001708984375,
      "xmax": 353.0177230834961,
      "ymin": 538.7406578063965,
      "ymax": 649.8448905944824,
      "class": "class1",
      "conf": 99.96
   },
   "10": {
      "xmin": 762.5348052978516,
      "xmax": 897.908374786377,
      "ymin": 661.5269317626953,
      "ymax": 766.2466583251953,
      "class": "class1",
      "conf": 99.51
   },
   "11": {
      "xmin": 754.6252975463867,
      "xmax": 907.9190444946289,
      "ymin": 534.2910461425781,
      "ymax": 641.4545440673828,
      "class": "class1",
      "conf": 99.97
   },
   "12": {
      "xmin": 2188.1824951171875,
      "xmax": 2359.466796875,
      "ymin": 497.42101287841797,
      "ymax": 669.4705276489258,
      "class": "class2",
      "conf": 99.99
   },
   "13": {
      "xmin": 2427.4610443115234,
      "xmax": 2614.1096801757812,
      "ymin": 494.8961868286133,
      "ymax": 670.3338623046875,
      "class": "class2",
      "conf": 99.97
   },
   "14": {
      "xmin": 1575.1455535888672,
      "xmax": 1732.6685943603516,
      "ymin": 837.3332595825195,
      "ymax": 1052.085563659668,
      "class": "class3",
      "conf": 100.0
   },
   "15": {
      "xmin": 1950.955192565918,
      "xmax": 2106.4319076538086,
      "ymin": 829.4313735961914,
      "ymax": 1052.706802368164,
      "class": "class3",
      "conf": 100.0
   },
   "16": {
      "xmin": 220.04812622070312,
      "xmax": 348.7663269042969,
      "ymin": 1108.0955200195312,
      "ymax": 1215.6572647094727,
      "class": "class1",
      "conf": 99.97
   },
   "17": {
      "xmin": 763.8100891113281,
      "xmax": 896.4231262207031,
      "ymin": 1106.3447456359863,
      "ymax": 1209.1763725280762,
      "class": "class1",
      "conf": 99.38
   },
   "18": {
      "xmin": 231.04697799682617,
      "xmax": 355.6112251281738,
      "ymin": 1242.9461364746094,
      "ymax": 1349.1662902832031,
      "class": "class1",
      "conf": 99.94
   },
   "19": {
      "xmin": 770.3389129638672,
      "xmax": 890.4341506958008,
      "ymin": 1238.9858703613281,
      "ymax": 1335.494987487793,
      "class": "class1",
      "conf": 99.82
   },
   "20": {
      "xmin": 1578.0232315063477,
      "xmax": 1742.208641052246,
      "ymin": 1189.6519088745117,
      "ymax": 1409.720344543457,
      "class": "class3",
      "conf": 99.94
   },
   "21": {
      "xmin": 1955.7004013061523,
      "xmax": 2112.314521789551,
      "ymin": 1202.815071105957,
      "ymax": 1396.9362716674805,
      "class": "class3",
      "conf": 99.94
   },
   "22": {
      "xmin": 699.9475250244141,
      "xmax": 881.9412994384766,
      "ymin": 1605.964256286621,
      "ymax": 1814.6372604370117,
      "class": "class2",
      "conf": 100.0
   },
   "23": {
      "xmin": 1890.2979583740234,
      "xmax": 2072.4329528808594,
      "ymin": 1601.1982650756836,
      "ymax": 1785.5966796875,
      "class": "class1",
      "conf": 99.75
   },
   "24": {
      "xmin": 701.2201995849609,
      "xmax": 888.7284088134766,
      "ymin": 1819.6598815917969,
      "ymax": 2014.6162414550781,
      "class": "class2",
      "conf": 99.97
   },
   "25": {
      "xmin": 1895.1612167358398,
      "xmax": 2080.5890350341797,
      "ymin": 1818.0912551879883,
      "ymax": 2002.6005477905273,
      "class": "class1",
      "conf": 99.98
   },
   "26": {
      "xmin": 1644.533405303955,
      "xmax": 1747.1146125793457,
      "ymin": 2474.035369873047,
      "ymax": 2618.1009826660156,
      "class": "class1",
      "conf": 99.61
   },
   "27": {
      "xmin": 1893.4611625671387,
      "xmax": 1995.9502754211426,
      "ymin": 2472.422691345215,
      "ymax": 2616.2761306762695,
      "class": "class1",
      "conf": 99.9
   },
   "28": {
      "xmin": 1759.7818756103516,
      "xmax": 1879.2695922851562,
      "ymin": 2465.306953430176,
      "ymax": 2619.7690963745117,
      "class": "class1",
      "conf": 99.98
   },
   "29": {
      "xmin": 2401.708824157715,
      "xmax": 2592.857093811035,
      "ymin": 2291.341377258301,
      "ymax": 2484.640068054199,
      "class": "class2",
      "conf": 81.8
   },
   "30": {
      "xmin": 228.95475006103516,
      "xmax": 377.2456283569336,
      "ymin": 2660.057174682617,
      "ymax": 2782.0074195861816,
      "class": "class1",
      "conf": 99.89
   },
   "31": {
      "xmin": 776.8311538696289,
      "xmax": 915.9565200805664,
      "ymin": 2667.0971641540527,
      "ymax": 2763.5320892333984,
      "class": "class1",
      "conf": 99.95
   },
   "32": {
      "xmin": 1261.7464447021484,
      "xmax": 1376.729507446289,
      "ymin": 2482.5608825683594,
      "ymax": 2630.3902130126953,
      "class": "class1",
      "conf": 99.85
   },
   "33": {
      "xmin": 1392.143539428711,
      "xmax": 1492.7642669677734,
      "ymin": 2490.397346496582,
      "ymax": 2619.606803894043,
      "class": "class1",
      "conf": 99.71
   },
   "34": {
      "xmin": 1512.6557121276855,
      "xmax": 1634.4821281433105,
      "ymin": 2478.495559692383,
      "ymax": 2622.8882904052734,
      "class": "class1",
      "conf": 99.98
   },
   "35": {
      "xmin": 238.45087432861328,
      "xmax": 374.9322319030762,
      "ymin": 2922.7592849731445,
      "ymax": 3022.4876976013184,
      "class": "class1",
      "conf": 99.47
   },
   "36": {
      "xmin": 229.8468017578125,
      "xmax": 377.95352935791016,
      "ymin": 2791.138023376465,
      "ymax": 2897.2453384399414,
      "class": "class1",
      "conf": 99.95
   },
   "37": {
      "xmin": 776.3060073852539,
      "xmax": 927.4419021606445,
      "ymin": 2784.2054023742676,
      "ymax": 2885.360164642334,
      "class": "class1",
      "conf": 99.99
   },
   "38": {
      "xmin": 777.9062271118164,
      "xmax": 920.4367523193359,
      "ymin": 2906.7820930480957,
      "ymax": 3014.954647064209,
      "class": "class1",
      "conf": 99.99
   },
   "39": {
      "xmin": 2211.2468185424805,
      "xmax": 2378.2529678344727,
      "ymin": 2751.090377807617,
      "ymax": 2924.4215660095215,
      "class": "class2",
      "conf": 100.0
   },
   "40": {
      "xmin": 2446.4434127807617,
      "xmax": 2641.363166809082,
      "ymin": 2757.360595703125,
      "ymax": 2913.6297149658203,
      "class": "class2",